TimestepsSoFar,EpRewMean,IterationsSoFar,TimeElapsed
10000,-227.22912031105898,0,17.333971977233887
20000,-277.0233045615998,0,34.93523621559143
